Date,Open,High,Low,Close,Volume,Value,Symbol,Source,Adj Close,Dividends,Stock Splits
2023-11-20,285.52,288.22,279.0,280.09,61,17133.22,SBER,MOEX,280.09,0,0
2023-11-20,281.96,284.2,281.61,282.91,25291010,7159259895.1,SBER,MOEX,282.91,0,0
2023-11-21,282.03,286.99,281.02,284.81,102,28792.52,SBER,MOEX,284.81,0,0
2023-11-21,282.3,283.82,281.66,282.79,19099390,5398749981.4,SBER,MOEX,282.79,0,0
2023-11-22,287.73,287.73,280.92,281.12,67,19027.84,SBER,MOEX,281.12,0,0
2023-11-22,283.12,286.67,282.85,286.16,47296890,13495087731.8,SBER,MOEX,286.16,0,0
2023-11-23,284.79,287.8,284.79,285.26,79,22582.28,SBER,MOEX,285.26,0,0
2023-11-23,286.16,287.77,285.04,286.19,27724080,7943750424.6,SBER,MOEX,286.19,0,0
2023-11-24,287.5,291.13,285.09,291.13,89,25453.46,SBER,MOEX,291.13,0,0
2023-11-24,286.49,287.5,285.11,286.85,26067870,7464158319.9,SBER,MOEX,286.85,0,0
2023-11-27,282.31,288.57,272.08,283.72,175,49883.76,SBER,MOEX,283.72,0,0
2023-11-27,287.4,289.0,278.88,282.33,79146090,22471824107.9,SBER,MOEX,282.33,0,0
2023-11-28,282.4,282.51,277.32,279.91,45507410,12723607276.7,SBER,MOEX,279.91,0,0
2023-11-28,286.77,286.77,277.72,280.87,59,16498.74,SBER,MOEX,280.87,0,0
2023-11-29,290.86,290.86,275.02,277.61,119,32969.87,SBER,MOEX,277.61,0,0
2023-11-29,279.36,280.56,276.2,276.8,29820830,8285652355.3,SBER,MOEX,276.8,0,0
2023-11-30,276.99,277.79,272.32,275.73,37,10147.36,SBER,MOEX,275.73,0,0
2023-11-30,276.7,278.65,272.75,277.5,55873540,15391411364.4,SBER,MOEX,277.5,0,0
2023-12-01,273.41,280.98,273.4,273.62,57,15666.88,SBER,MOEX,273.62,0,0
2023-12-01,277.0,277.98,273.55,273.97,31660970,8726777005.9,SBER,MOEX,273.97,0,0
2023-12-04,277.95,280.95,266.84,266.84,111,30152.07,SBER,MOEX,266.84,0,0
2023-12-04,273.6,274.95,270.52,270.96,37700740,10274823032.6,SBER,MOEX,270.96,0,0
2023-12-05,281.15,281.15,269.1,275.4,65,17719.69,SBER,MOEX,275.4,0,0
2023-12-05,271.98,279.65,270.54,279.62,46892570,12898716767.4,SBER,MOEX,279.62,0,0
2023-12-06,279.92,280.79,266.83,267.58,100020030,27232146023.6,SBER,MOEX,267.58,0,0
2023-12-06,279.88,279.88,265.0,265.0,120,32596.46,SBER,MOEX,265.0,0,0
2023-12-07,268.25,268.25,262.12,263.32,59,15673.38,SBER,MOEX,263.32,0,0
2023-12-07,267.62,270.44,263.06,265.12,63564530,16923520867.1,SBER,MOEX,265.12,0,0
2023-12-08,266.7,268.39,263.3,267.89,55,14635.42,SBER,MOEX,267.89,0,0
2023-12-08,266.0,268.23,263.72,265.16,35364310,9405705680.8,SBER,MOEX,265.16,0,0
2023-12-11,255.02,268.83,255.02,259.95,116,30123.89,SBER,MOEX,259.95,0,0
2023-12-11,265.17,266.47,254.81,256.89,77668070,20147540396.1,SBER,MOEX,256.89,0,0
2023-12-12,256.06,262.99,255.05,258.0,112,28902.24,SBER,MOEX,258.0,0,0
2023-12-12,256.79,262.88,255.05,257.6,63932170,16571022504.0,SBER,MOEX,257.6,0,0
2023-12-13,259.99,260.44,256.99,260.44,93,24070.5,SBER,MOEX,260.44,0,0
2023-12-13,257.6,261.39,256.5,260.45,29836400,7735550777.2,SBER,MOEX,260.45,0,0
2023-12-14,261.4,262.75,255.58,256.64,40549660,10532813145.4,SBER,MOEX,256.64,0,0
2023-12-14,264.5,264.5,255.61,258.28,63,16395.08,SBER,MOEX,258.28,0,0
2023-12-15,263.78,268.0,257.06,268.0,85,22223.86,SBER,MOEX,268.0,0,0
2023-12-15,256.6,268.91,256.6,268.21,84668740,22341539421.4,SBER,MOEX,268.21,0,0
2023-12-18,268.95,270.49,265.95,267.03,73,19477.34,SBER,MOEX,267.03,0,0
2023-12-18,268.93,270.44,266.54,268.4,51602470,13852221892.9,SBER,MOEX,268.4,0,0
2023-12-19,269.72,269.72,265.04,265.04,91,24217.85,SBER,MOEX,265.04,0,0
2023-12-19,268.38,269.71,265.0,267.35,38287810,10231074172.7,SBER,MOEX,267.35,0,0
2023-12-20,274.74,274.74,266.01,269.99,45,12050.86,SBER,MOEX,269.99,0,0
2023-12-20,267.51,269.1,266.2,266.61,31094000,8324805931.0,SBER,MOEX,266.61,0,0
2023-12-21,266.4,266.87,263.5,265.19,33301420,8829664891.8,SBER,MOEX,265.19,0,0
2023-12-21,274.75,274.75,263.27,268.35,36,9543.44,SBER,MOEX,268.35,0,0
2023-12-22,266.06,271.9,265.37,271.3,58724860,15866126899.5,SBER,MOEX,271.3,0,0
2023-12-22,265.5,265.5,265.5,265.5,35672600,9471075300.0,SBER,MOEX,265.5,0,0
2023-12-22,266.74,274.77,265.04,274.77,107,28866.39,SBER,MOEX,274.77,0,0
2023-12-25,274.72,274.77,269.51,270.51,73,19849.68,SBER,MOEX,270.51,0,0
2023-12-25,271.72,273.85,270.05,271.08,38115690,10373920560.6,SBER,MOEX,271.08,0,0
2023-12-26,271.26,274.77,269.3,274.77,73,19753.91,SBER,MOEX,274.77,0,0
2023-12-26,271.0,272.89,270.0,271.9,22658320,6150168906.6,SBER,MOEX,271.9,0,0
2023-12-27,270.96,273.49,270.1,271.01,70,19010.58,SBER,MOEX,271.01,0,0
2023-12-27,271.9,272.59,270.85,271.08,17214050,4676446141.7,SBER,MOEX,271.08,0,0
2023-12-28,272.29,272.3,267.38,272.3,54,14604.48,SBER,MOEX,272.3,0,0
2023-12-28,270.92,272.48,268.52,271.74,29439730,7965183378.6,SBER,MOEX,271.74,0,0
2023-12-29,272.0,272.41,268.52,272.41,78,21108.88,SBER,MOEX,272.41,0,0
2023-12-29,272.19,272.59,270.55,270.82,20810540,5650210977.5,SBER,MOEX,270.82,0,0
2024-01-03,271.9,274.7,271.0,274.56,20586020,5631304882.5,SBER,MOEX,274.56,0,0
2024-01-03,274.97,277.0,271.97,277.0,28,7690.83,SBER,MOEX,277.0,0,0
2024-01-04,276.99,276.99,270.0,275.49,19,5202.63,SBER,MOEX,275.49,0,0
2024-01-04,274.67,275.48,273.7,274.12,11729380,3218187919.1,SBER,MOEX,274.12,0,0
2024-01-05,274.69,274.69,271.95,271.95,10,2725.17,SBER,MOEX,271.95,0,0
2024-01-05,274.3,274.69,272.8,273.62,9635550,2634959748.5,SBER,MOEX,273.62,0,0
2024-01-08,275.85,276.0,274.17,274.17,18,4953.21,SBER,MOEX,274.17,0,0
2024-01-08,273.6,277.0,273.53,276.76,21489440,5924626062.4,SBER,MOEX,276.76,0,0
2024-01-09,273.02,278.99,273.02,274.6,150,41171.88,SBER,MOEX,274.6,0,0
2024-01-09,276.97,278.0,274.71,275.28,20316030,5601231460.4,SBER,MOEX,275.28,0,0
2024-01-10,275.5,276.99,273.95,274.5,122,33544.36,SBER,MOEX,274.5,0,0
2024-01-10,275.3,276.16,273.64,274.49,20660410,5689654961.5,SBER,MOEX,274.49,0,0
2024-01-11,274.78,275.97,274.01,275.71,19526030,5370898109.7,SBER,MOEX,275.71,0,0
2024-01-11,274.34,279.93,274.13,274.13,58,15932.08,SBER,MOEX,274.13,0,0
2024-01-12,277.5,277.5,274.55,274.64,64,17614.57,SBER,MOEX,274.64,0,0
2024-01-12,276.0,276.96,274.77,275.84,17702040,4882061544.1,SBER,MOEX,275.84,0,0
2024-01-15,281.31,281.31,272.91,275.01,96,26473.94,SBER,MOEX,275.01,0,0
2024-01-15,276.45,277.73,275.21,275.96,21397690,5915980754.2,SBER,MOEX,275.96,0,0
2024-01-16,272.97,280.0,272.96,275.99,72,19790.06,SBER,MOEX,275.99,0,0
2024-01-16,276.22,276.45,274.1,276.01,16110240,4434943891.0,SBER,MOEX,276.01,0,0
2024-01-17,276.05,279.95,275.36,277.04,96,26611.94,SBER,MOEX,277.04,0,0
2024-01-17,276.02,279.17,275.75,278.0,34256680,9523371870.2,SBER,MOEX,278.0,0,0
2024-01-18,275.8,279.99,275.8,278.46,99,27461.57,SBER,MOEX,278.46,0,0
2024-01-18,278.24,278.87,276.76,277.07,17701680,4914788384.0,SBER,MOEX,277.07,0,0
2024-01-19,277.39,277.47,273.55,274.86,28052580,7719165768.4,SBER,MOEX,274.86,0,0
2024-01-19,277.64,277.64,273.46,276.49,76,20932.82,SBER,MOEX,276.49,0,0
2024-01-22,280.0,284.83,269.92,275.5,48,13218.18,SBER,MOEX,275.5,0,0
2024-01-22,274.86,275.9,273.85,274.93,15086860,4149254623.1,SBER,MOEX,274.93,0,0
2024-01-23,283.61,283.62,275.01,276.31,39,10773.5,SBER,MOEX,276.31,0,0
2024-01-23,274.7,277.26,274.31,275.9,20092540,5551653286.2,SBER,MOEX,275.9,0,0
2024-01-24,276.31,276.31,272.12,275.0,99,27170.5,SBER,MOEX,275.0,0,0
2024-01-24,275.9,276.44,273.7,273.77,20203730,5547156811.6,SBER,MOEX,273.77,0,0
2024-01-25,274.97,274.99,271.88,274.07,55,15001.35,SBER,MOEX,274.07,0,0
2024-01-25,274.0,274.18,271.55,272.81,24436130,6660096921.1,SBER,MOEX,272.81,0,0
2024-01-26,274.52,274.52,271.19,274.5,68,18504.21,SBER,MOEX,274.5,0,0
2024-01-26,273.1,273.72,272.21,272.65,11131250,3039687676.7,SBER,MOEX,272.65,0,0
2024-01-29,273.02,274.95,272.7,274.05,17095190,4686446978.0,SBER,MOEX,274.05,0,0
2024-01-29,272.3,275.0,272.3,274.97,72,19674.73,SBER,MOEX,274.97,0,0
2024-01-30,274.98,276.89,272.5,274.5,114,31215.5,SBER,MOEX,274.5,0,0
2023-11-20,163.51,167.99,163.51,167.44,79,13056.51,GAZP,MOEX,167.44,0,0
2023-11-20,165.2,166.64,164.64,165.51,12648660,2096927735.5,GAZP,MOEX,165.51,0,0
2023-11-21,164.52,167.44,164.51,167.39,47,7760.68,GAZP,MOEX,167.39,0,0
2023-11-21,165.4,165.68,164.5,165.15,11427460,1886646575.1,GAZP,MOEX,165.15,0,0
2023-11-22,165.02,165.5,163.29,165.01,72,11847.83,GAZP,MOEX,165.01,0,0
2023-11-22,165.3,166.2,164.82,165.37,11543230,1910525065.5,GAZP,MOEX,165.37,0,0
2023-11-23,164.51,165.66,164.05,164.15,31,5098.7,GAZP,MOEX,164.15,0,0
2023-11-23,165.37,165.69,164.02,164.11,10824190,1785149063.9,GAZP,MOEX,164.11,0,0
2023-11-24,165.0,167.99,164.3,166.0,39,6424.29,GAZP,MOEX,166.0,0,0
2023-11-24,164.2,165.19,164.1,164.71,13584670,2237577969.7,GAZP,MOEX,164.71,0,0
2023-11-27,164.0,166.27,161.03,162.06,63,10298.01,GAZP,MOEX,162.06,0,0
2023-11-27,165.19,165.37,162.01,162.79,23704520,3873568765.4,GAZP,MOEX,162.79,0,0
2023-11-28,162.91,164.83,161.55,164.21,16819340,2743637587.2,GAZP,MOEX,164.21,0,0
2023-11-28,163.6,167.38,161.51,167.13,49,7990.56,GAZP,MOEX,167.13,0,0
2023-11-29,164.0,165.88,163.25,165.64,68,11138.4,GAZP,MOEX,165.64,0,0
2023-11-29,164.0,165.63,162.71,163.17,17322090,2842070131.7,GAZP,MOEX,163.17,0,0
2023-11-30,163.01,163.99,161.53,163.22,116,18808.08,GAZP,MOEX,163.22,0,0
2023-11-30,163.17,164.62,162.12,163.23,12315690,2012156766.1,GAZP,MOEX,163.23,0,0
2023-12-01,164.5,165.75,162.01,162.43,48,7794.85,GAZP,MOEX,162.43,0,0
2023-12-01,163.22,164.22,162.56,162.61,10935260,1787548136.1,GAZP,MOEX,162.61,0,0
2023-12-04,166.97,166.97,160.61,160.61,83,13384.14,GAZP,MOEX,160.61,0,0
2023-12-04,162.48,162.48,159.81,160.01,22003990,3543152329.7,GAZP,MOEX,160.01,0,0
2023-12-05,161.0,165.74,159.41,159.92,88,14100.05,GAZP,MOEX,159.92,0,0
2023-12-05,160.17,161.44,159.1,160.46,15034370,2413459647.4,GAZP,MOEX,160.46,0,0
2023-12-06,160.73,161.41,158.5,158.74,15554310,2485076747.2,GAZP,MOEX,158.74,0,0
2023-12-06,160.1,165.98,159.02,165.98,65,10404.32,GAZP,MOEX,165.98,0,0
2023-12-07,160.0,164.99,157.01,163.1,87,13936.65,GAZP,MOEX,163.1,0,0
2023-12-07,158.8,164.77,157.26,163.38,48532400,7846300877.1,GAZP,MOEX,163.38,0,0
2023-12-08,164.99,165.49,160.12,161.01,90,14621.3,GAZP,MOEX,161.01,0,0
2023-12-08,163.9,164.17,160.5,161.5,20195940,3269043000.0,GAZP,MOEX,161.5,0,0
2023-12-11,161.5,167.58,160.0,164.96,85,13914.7,GAZP,MOEX,164.96,0,0
2023-12-11,161.47,167.14,160.19,164.87,53056350,8755452181.6,GAZP,MOEX,164.87,0,0
2023-12-12,160.0,164.98,159.15,162.9,70,11413.19,GAZP,MOEX,162.9,0,0
2023-12-12,164.87,165.54,161.82,162.46,25407880,4154114158.8,GAZP,MOEX,162.46,0,0
2023-12-13,163.0,164.39,160.5,162.85,95,15452.13,GAZP,MOEX,162.85,0,0
2023-12-13,161.99,164.5,161.82,163.92,13393230,2192310756.6,GAZP,MOEX,163.92,0,0
2023-12-14,164.05,164.76,160.81,160.89,16996980,2765389227.8,GAZP,MOEX,160.89,0,0
2023-12-14,165.2,165.2,161.0,161.0,81,13158.76,GAZP,MOEX,161.0,0,0
2023-12-15,160.5,165.46,160.01,161.25,63,10231.79,GAZP,MOEX,161.25,0,0
2023-12-15,161.05,164.42,161.02,164.2,23929260,3901661003.6,GAZP,MOEX,164.2,0,0
2023-12-18,165.44,168.38,162.03,166.6,76,12578.34,GAZP,MOEX,166.6,0,0
2023-12-18,164.99,167.32,164.99,167.0,33132260,5510130065.8,GAZP,MOEX,167.0,0,0
2023-12-19,166.56,167.94,165.05,165.06,74,12263.18,GAZP,MOEX,165.06,0,0
2023-12-19,167.17,168.89,165.12,165.48,38430430,6392815762.3,GAZP,MOEX,165.48,0,0
2023-12-20,165.0,165.0,163.0,163.9,57,9322.92,GAZP,MOEX,163.9,0,0
2023-12-20,165.33,165.33,163.12,163.56,27649170,4537205894.4,GAZP,MOEX,163.56,0,0
2023-12-21,163.32,163.71,161.19,161.57,26473840,4294570391.5,GAZP,MOEX,161.57,0,0
2023-12-21,164.5,165.5,161.26,161.3,60,9729.1,GAZP,MOEX,161.3,0,0
2023-12-22,161.91,163.2,161.62,162.09,15417240,2504497747.3,GAZP,MOEX,162.09,0,0
2023-12-22,161.74,161.74,161.74,161.74,26652400,4310759176.0,GAZP,MOEX,161.74,0,0
2023-12-22,162.0,163.77,161.62,163.44,59,9578.9,GAZP,MOEX,163.44,0,0
2023-12-25,162.01,163.08,160.74,160.74,83,13412.4,GAZP,MOEX,160.74,0,0
2023-12-25,162.49,162.77,160.4,161.09,22398910,3620946364.8,GAZP,MOEX,161.09,0,0
2023-12-26,160.51,162.92,160.5,160.51,67,10775.13,GAZP,MOEX,160.51,0,0
2023-12-26,161.45,161.8,160.77,161.0,18585180,2998905866.6,GAZP,MOEX,161.0,0,0
2023-12-27,160.8,162.5,159.52,160.61,54,8682.96,GAZP,MOEX,160.61,0,0
2023-12-27,161.2,161.4,159.81,159.86,23733870,3810323035.5,GAZP,MOEX,159.86,0,0
2023-12-28,159.4,162.97,158.5,159.95,92,14641.24,GAZP,MOEX,159.95,0,0
2023-12-28,159.98,160.38,158.22,159.14,24873460,3967073642.0,GAZP,MOEX,159.14,0,0
2023-12-29,159.5,160.98,158.12,160.35,85,13599.8,GAZP,MOEX,160.35,0,0
2023-12-29,159.49,160.79,159.14,159.52,19270880,3084349639.9,GAZP,MOEX,159.52,0,0
2024-01-03,159.73,161.58,159.73,161.44,8117860,1307474252.6,GAZP,MOEX,161.44,0,0
2024-01-03,161.0,162.88,158.62,162.85,17,2754.73,GAZP,MOEX,162.85,0,0
2024-01-04,163.53,163.53,160.15,160.15,7,1126.28,GAZP,MOEX,160.15,0,0
2024-01-04,161.51,161.64,161.0,161.25,4888930,788260866.1,GAZP,MOEX,161.25,0,0
2024-01-05,159.54,162.23,159.54,162.23,6,959.93,GAZP,MOEX,162.23,0,0
2024-01-05,161.2,162.3,161.07,161.94,8784940,1420674692.6,GAZP,MOEX,161.94,0,0
2024-01-08,164.99,164.99,162.29,163.97,27,4439.82,GAZP,MOEX,163.97,0,0
2024-01-08,162.44,163.2,162.0,163.05,11173290,1819109200.4,GAZP,MOEX,163.05,0,0
2024-01-09,160.91,163.29,160.91,161.75,54,8735.25,GAZP,MOEX,161.75,0,0
2024-01-09,163.01,163.06,161.77,162.41,9608200,1559294366.6,GAZP,MOEX,162.41,0,0
2024-01-10,164.97,164.97,160.19,162.97,44,7147.36,GAZP,MOEX,162.97,0,0
2024-01-10,162.41,163.7,162.0,162.87,10752210,1752104199.6,GAZP,MOEX,162.87,0,0
2024-01-11,162.96,162.96,161.93,162.5,13102580,2129089523.1,GAZP,MOEX,162.5,0,0
2024-01-11,163.47,163.47,161.33,162.99,43,6972.35,GAZP,MOEX,162.99,0,0
2024-01-12,161.66,164.0,161.66,162.51,66,10762.22,GAZP,MOEX,162.51,0,0
2024-01-12,162.52,163.98,162.2,163.37,14760600,2408912555.3,GAZP,MOEX,163.37,0,0
2024-01-15,162.51,164.39,162.51,163.35,89,14525.59,GAZP,MOEX,163.35,0,0
2024-01-15,163.8,164.4,163.26,163.34,11074540,1812941980.7,GAZP,MOEX,163.34,0,0
2024-01-16,161.04,164.97,161.04,163.94,108,17597.34,GAZP,MOEX,163.94,0,0
2024-01-16,163.2,164.18,162.37,163.22,12202210,1990960893.3,GAZP,MOEX,163.22,0,0
2024-01-17,162.61,163.94,162.61,163.05,50,8148.82,GAZP,MOEX,163.05,0,0
2024-01-17,163.48,164.2,163.0,164.04,8673260,1419723220.1,GAZP,MOEX,164.04,0,0
2024-01-18,164.99,169.74,164.33,168.17,86,14276.78,GAZP,MOEX,168.17,0,0
2024-01-18,164.12,167.55,164.12,166.52,39396100,6550125303.8,GAZP,MOEX,166.52,0,0
2024-01-19,166.52,167.62,165.2,165.9,23573690,3917484197.3,GAZP,MOEX,165.9,0,0
2024-01-19,164.86,167.1,164.86,165.51,52,8632.45,GAZP,MOEX,165.51,0,0
2024-01-22,165.01,167.29,165.01,167.29,73,12069.26,GAZP,MOEX,167.29,0,0
2024-01-22,165.98,167.0,165.26,166.06,13014740,2160795411.0,GAZP,MOEX,166.06,0,0
2024-01-23,164.64,168.5,164.64,168.5,32,5322.86,GAZP,MOEX,168.5,0,0
2024-01-23,166.49,168.96,165.6,168.31,29371870,4923465845.6,GAZP,MOEX,168.31,0,0
2024-01-24,167.52,168.9,166.18,168.9,104,17367.15,GAZP,MOEX,168.9,0,0
2024-01-24,168.36,168.63,166.2,166.36,18385460,3072922026.8,GAZP,MOEX,166.36,0,0
2024-01-25,167.5,167.5,165.28,166.74,47,7794.79,GAZP,MOEX,166.74,0,0
2024-01-25,166.36,166.94,165.36,165.42,16186240,2688587991.2,GAZP,MOEX,165.42,0,0
2024-01-26,166.54,166.55,162.5,163.83,103,16998.59,GAZP,MOEX,163.83,0,0
2024-01-26,165.65,165.95,163.65,163.99,21001700,3458173947.4,GAZP,MOEX,163.99,0,0
2024-01-29,164.0,164.49,162.85,163.5,17106520,2797090045.6,GAZP,MOEX,163.5,0,0
2024-01-29,165.31,165.31,162.9,162.91,59,9646.84,GAZP,MOEX,162.91,0,0
2024-01-30,162.94,167.65,162.49,164.23,71,11567.26,GAZP,MOEX,164.23,0,0
2023-11-20,7225.5,7226.0,7161.0,7194.5,424449,3053218347.0,LKOH,MOEX,7194.5,0,0
2023-11-21,7180.5,7216.0,7137.5,7209.0,482152,3459120952.0,LKOH,MOEX,7209.0,0,0
2023-11-22,7211.0,7299.0,7207.0,7299.0,677597,4927911800.5,LKOH,MOEX,7299.0,0,0
2023-11-23,7301.0,7330.0,7251.5,7258.0,391940,2855176400.5,LKOH,MOEX,7258.0,0,0
2023-11-24,7262.0,7320.0,7255.0,7295.0,418784,3054082635.0,LKOH,MOEX,7295.0,0,0
2023-11-27,7301.0,7345.0,7212.0,7222.5,608767,4427711087.5,LKOH,MOEX,7222.5,0,0
2023-11-28,7223.0,7245.5,7161.0,7238.0,402137,2897395247.0,LKOH,MOEX,7238.0,0,0
2023-11-29,7229.0,7238.0,7186.0,7202.0,303508,2186359454.0,LKOH,MOEX,7202.0,0,0
2023-11-30,7205.5,7285.5,7170.0,7239.0,609305,4412087952.0,LKOH,MOEX,7239.0,0,0
2023-12-01,7239.0,7272.5,7162.5,7175.5,491058,3542441636.5,LKOH,MOEX,7175.5,0,0
2023-12-04,7170.0,7199.5,7110.5,7132.5,669869,4788913271.0,LKOH,MOEX,7132.5,0,0
2023-12-05,7136.0,7250.0,7136.0,7248.5,557087,4011708213.5,LKOH,MOEX,7248.5,0,0
2023-12-06,7269.0,7275.0,7051.5,7138.0,649125,4651215848.0,LKOH,MOEX,7138.0,0,0
2023-12-07,7145.0,7173.0,7071.0,7092.0,477114,3389576439.5,LKOH,MOEX,7092.0,0,0
2023-12-08,7119.0,7173.0,7092.0,7140.0,425360,3037811215.5,LKOH,MOEX,7140.0,0,0
2023-12-11,7183.0,7189.0,6929.0,6977.0,1026520,7226245836.5,LKOH,MOEX,6977.0,0,0
2023-12-12,7000.0,7100.0,6813.0,7014.5,1401749,9760700890.0,LKOH,MOEX,7014.5,0,0
2023-12-13,7000.0,7062.5,6914.0,7043.5,572310,4013886916.0,LKOH,MOEX,7043.5,0,0
2023-12-14,7040.0,7084.5,6850.5,6860.0,1224201,8501875338.5,LKOH,MOEX,6860.0,0,0
2023-12-15,6397.0,6632.0,6381.0,6560.0,2428092,15694991256.0,LKOH,MOEX,6560.0,0,0
2023-12-18,6580.0,6761.5,6526.0,6723.5,1264279,8404694444.0,LKOH,MOEX,6723.5,0,0
2023-12-19,6735.0,6771.0,6690.0,6709.0,679319,4564286692.5,LKOH,MOEX,6709.0,0,0
2023-12-20,6709.5,6849.0,6696.0,6735.0,978865,6625886529.5,LKOH,MOEX,6735.0,0,0
2023-12-21,6730.0,6774.0,6633.5,6702.0,1035385,6938357522.0,LKOH,MOEX,6702.0,0,0
2023-12-22,6711.0,6795.0,6708.5,6732.5,542520,3665596022.5,LKOH,MOEX,6732.5,0,0
2023-12-22,6730.0,6730.0,6730.0,6730.0,996900,6709137000.0,LKOH,MOEX,6730.0,0,0
2023-12-25,6748.0,6784.0,6730.0,6744.0,359571,2429499408.5,LKOH,MOEX,6744.0,0,0
2023-12-26,6750.0,6771.0,6720.0,6771.0,432323,2916986787.5,LKOH,MOEX,6771.0,0,0
2023-12-27,6773.0,6840.0,6761.0,6768.0,497103,3382380613.5,LKOH,MOEX,6768.0,0,0
2023-12-28,6767.5,6802.5,6725.5,6767.0,441134,2981552710.0,LKOH,MOEX,6767.0,0,0
2023-12-29,6784.0,6784.0,6729.0,6739.0,279875,1890360872.5,LKOH,MOEX,6739.0,0,0
2024-01-03,6774.0,6805.0,6745.5,6803.5,202485,1372507245.5,LKOH,MOEX,6803.5,0,0
2024-01-04,6804.5,6811.5,6763.5,6771.0,183411,1244240299.5,LKOH,MOEX,6771.0,0,0
2024-01-05,6771.5,6794.5,6770.5,6780.0,107606,729658423.5,LKOH,MOEX,6780.0,0,0
2024-01-08,6783.0,6804.5,6756.0,6766.5,215760,1463377928.0,LKOH,MOEX,6766.5,0,0
2024-01-09,6780.0,6942.0,6750.5,6931.0,846711,5812051156.0,LKOH,MOEX,6931.0,0,0
2024-01-10,6935.0,7023.0,6923.0,6957.0,712613,4977477890.0,LKOH,MOEX,6957.0,0,0
2024-01-11,6965.0,6995.0,6930.5,6972.5,423594,2950278954.5,LKOH,MOEX,6972.5,0,0
2024-01-12,7005.0,7011.0,6962.0,6965.0,408235,2854221989.0,LKOH,MOEX,6965.0,0,0
2024-01-15,6950.0,6968.5,6874.0,6889.5,569684,3937548742.0,LKOH,MOEX,6889.5,0,0
2024-01-16,6884.5,6885.5,6826.0,6857.0,468624,3211522264.5,LKOH,MOEX,6857.0,0,0
2024-01-17,6859.5,6919.5,6830.0,6910.0,305722,2100605182.0,LKOH,MOEX,6910.0,0,0
2024-01-18,6923.0,6930.0,6846.0,6857.5,279760,1925720882.5,LKOH,MOEX,6857.5,0,0
2024-01-19,6858.0,6883.0,6800.5,6834.5,336358,2301192109.0,LKOH,MOEX,6834.5,0,0
2024-01-22,6830.0,6859.0,6815.5,6840.0,200555,1371760083.0,LKOH,MOEX,6840.0,0,0
2024-01-23,6840.0,6850.0,6782.0,6799.5,355179,2417796849.0,LKOH,MOEX,6799.5,0,0
2024-01-24,6798.0,6828.0,6754.0,6795.0,469629,3189411586.0,LKOH,MOEX,6795.0,0,0
2024-01-25,6810.5,6819.5,6760.5,6809.0,321262,2177749189.5,LKOH,MOEX,6809.0,0,0
2024-01-26,6829.0,6920.0,6801.0,6901.0,676152,4640997419.0,LKOH,MOEX,6901.0,0,0
2024-01-29,6918.0,6975.0,6911.0,6943.0,591425,4110070040.0,LKOH,MOEX,6943.0,0,0
2024-01-30,6945.0,7007.0,6933.0,6994.0,649956,4537844505.5,LKOH,MOEX,6994.0,0,0
2024-01-31,7000.0,7122.0,7000.0,7090.5,941356,6669626209.0,LKOH,MOEX,7090.5,0,0
2024-02-01,7105.0,7145.0,7059.0,7093.5,575655,4084656193.0,LKOH,MOEX,7093.5,0,0
2024-02-02,7094.0,7127.0,7050.0,7114.0,574253,4077562876.5,LKOH,MOEX,7114.0,0,0
2024-02-05,7099.0,7185.0,7094.0,7137.5,536657,3833973277.5,LKOH,MOEX,7137.5,0,0
2024-02-06,7145.0,7171.0,7115.0,7163.0,342130,2447432468.5,LKOH,MOEX,7163.0,0,0
2024-02-07,7170.0,7272.5,7160.5,7265.0,781313,5646172199.0,LKOH,MOEX,7265.0,0,0
2024-02-08,7272.0,7288.0,7191.0,7231.5,641629,4649052792.0,LKOH,MOEX,7231.5,0,0
2024-02-09,7232.0,7260.0,7182.5,7238.5,347142,2511326507.0,LKOH,MOEX,7238.5,0,0
2024-02-12,7240.0,7280.0,7223.0,7280.0,314983,2284461195.0,LKOH,MOEX,7280.0,0,0
2024-02-13,7297.0,7311.0,7231.0,7269.0,487680,3550810198.0,LKOH,MOEX,7269.0,0,0
2024-02-14,7275.0,7283.0,7200.5,7220.5,340611,2468547011.5,LKOH,MOEX,7220.5,0,0
2024-02-15,7205.0,7295.0,7184.0,7282.5,393724,2857860764.5,LKOH,MOEX,7282.5,0,0
2024-02-16,7294.0,7300.0,7205.0,7224.5,509615,3691976534.5,LKOH,MOEX,7224.5,0,0
2024-02-19,7233.0,7240.5,7187.5,7188.0,401308,2893065603.5,LKOH,MOEX,7188.0,0,0
2024-02-20,7188.0,7192.5,7070.5,7081.0,690280,4925594727.5,LKOH,MOEX,7081.0,0,0
2024-02-21,7080.0,7115.0,6962.0,6990.5,1056631,7418005622.0,LKOH,MOEX,6990.5,0,0
2024-02-22,7000.5,7040.0,6970.0,7021.5,672857,4711677618.5,LKOH,MOEX,7021.5,0,0
2024-02-26,7150.5,7178.5,7103.5,7164.0,612660,4376222449.5,LKOH,MOEX,7164.0,0,0
2024-02-27,7159.5,7163.0,7104.0,7141.5,342224,2441390737.0,LKOH,MOEX,7141.5,0,0
2024-02-28,7155.0,7276.0,7130.5,7261.5,735475,5306222030.5,LKOH,MOEX,7261.5,0,0
2024-02-29,7263.0,7402.0,7220.0,7378.0,1141422,8352765169.0,LKOH,MOEX,7378.0,0,0
2024-03-01,7387.0,7464.0,7372.5,7463.5,971874,7209979106.5,LKOH,MOEX,7463.5,0,0
2024-03-04,7477.5,7534.0,7351.5,7511.5,1911151,14280512562.5,LKOH,MOEX,7511.5,0,0
2024-03-05,7515.0,7544.5,7430.5,7499.5,1040586,7798224374.5,LKOH,MOEX,7499.5,0,0
2024-03-06,7499.5,7561.5,7470.0,7483.0,857869,6449174077.0,LKOH,MOEX,7483.0,0,0
2024-03-07,7488.0,7517.0,7457.0,7513.0,426452,3193618714.5,LKOH,MOEX,7513.0,0,0
2024-03-11,7537.0,7592.5,7523.5,7554.5,648724,4904561692.5,LKOH,MOEX,7554.5,0,0
2024-03-12,7539.0,7575.5,7481.5,7536.5,1111543,8368198283.5,LKOH,MOEX,7536.5,0,0
2024-03-13,7538.0,7554.5,7409.5,7426.0,1230308,9177460026.5,LKOH,MOEX,7426.0,0,0
2024-03-14,7426.0,7434.5,7320.0,7370.0,1389788,10237405866.0,LKOH,MOEX,7370.0,0,0
2024-03-15,7365.5,7404.0,7336.5,7380.0,788252,5805478409.5,LKOH,MOEX,7380.0,0,0
2024-03-18,7390.5,7397.5,7309.5,7344.0,602099,4429020792.0,LKOH,MOEX,7344.0,0,0
2024-03-19,7349.0,7349.0,7250.0,7333.5,1161411,8488644049.5,LKOH,MOEX,7333.5,0,0
2024-03-20,7338.5,7460.0,7337.5,7438.5,1157982,8583791573.0,LKOH,MOEX,7438.5,0,0
2024-03-21,7450.0,7454.5,7370.0,7417.5,648324,4806375139.0,LKOH,MOEX,7417.5,0,0
2024-03-22,7420.0,7538.0,7184.5,7303.0,3496776,25798186626.0,LKOH,MOEX,7303.0,0,0
2024-03-22,7412.3,7412.3,7412.3,7412.3,122960,911416408.0,LKOH,MOEX,7412.3,0,0
2024-03-25,7305.0,7452.0,7303.0,7438.0,877301,6470404680.0,LKOH,MOEX,7438.0,0,0
2024-03-26,7454.5,7455.0,7380.0,7419.0,562109,4167015304.0,LKOH,MOEX,7419.0,0,0
2024-03-27,7425.5,7497.0,7404.5,7493.0,519706,3871127557.0,LKOH,MOEX,7493.0,0,0
2024-03-28,7495.0,7517.0,7430.5,7481.0,498911,3728290013.0,LKOH,MOEX,7481.0,0,0
2024-03-29,7481.5,7578.0,7460.0,7551.0,705061,5309786123.5,LKOH,MOEX,7551.0,0,0
2024-04-01,7574.0,7666.0,7573.0,7665.0,741367,5655560883.5,LKOH,MOEX,7665.0,0,0
2024-04-02,7679.5,7689.0,7625.0,7654.0,383628,2935739088.0,LKOH,MOEX,7654.0,0,0
2024-04-03,7654.0,7699.0,7641.0,7686.5,316677,2429698021.5,LKOH,MOEX,7686.5,0,0
2024-04-04,7687.5,7783.5,7678.0,7727.5,738307,5719872333.5,LKOH,MOEX,7727.5,0,0
2024-04-05,7730.5,7777.5,7654.0,7662.5,1058107,8146536254.5,LKOH,MOEX,7662.5,0,0
2024-04-08,7700.0,7777.0,7662.5,7767.0,665595,5145050974.0,LKOH,MOEX,7767.0,0,0
2024-04-09,7770.0,7844.0,7740.0,7786.5,855572,6678737910.0,LKOH,MOEX,7786.5,0,0
2023-11-20,584.5,586.15,579.85,581.5,2183257,1272556850.1,ROSN,MOEX,581.5,0,0
2023-11-21,581.0,584.6,576.4,583.4,2115754,1227484803.45,ROSN,MOEX,583.4,0,0
2023-11-22,582.75,586.6,580.05,581.75,2722059,1586809482.8,ROSN,MOEX,581.75,0,0
2023-11-23,581.6,582.7,580.0,580.8,1298090,754233510.15,ROSN,MOEX,580.8,0,0
2023-11-24,581.2,584.5,571.5,578.85,3449893,1993744001.3,ROSN,MOEX,578.85,0,0
2023-11-27,578.2,583.85,574.5,578.0,2731793,1582817902.85,ROSN,MOEX,578.0,0,0
2023-11-28,576.0,589.9,573.0,589.9,3429134,1993811206.9,ROSN,MOEX,589.9,0,0
2023-11-29,589.9,594.0,583.45,593.45,3570342,2102096536.8,ROSN,MOEX,593.45,0,0
2023-11-30,598.0,598.0,582.05,584.3,5645836,3316585835.6,ROSN,MOEX,584.3,0,0
2023-12-01,583.5,584.05,574.05,575.15,2625750,1523720933.0,ROSN,MOEX,575.15,0,0
2023-12-04,573.85,574.9,562.15,565.0,3385782,1928101400.85,ROSN,MOEX,565.0,0,0
2023-12-05,567.1,576.75,563.0,574.35,2249090,1282644935.75,ROSN,MOEX,574.35,0,0
2023-12-06,574.8,575.8,563.0,565.55,2262240,1284247850.2,ROSN,MOEX,565.55,0,0
2023-12-07,564.5,570.65,558.5,560.6,4015589,2261725668.45,ROSN,MOEX,560.6,0,0
2023-12-08,563.0,567.15,560.0,564.7,1606316,904986539.25,ROSN,MOEX,564.7,0,0
2023-12-11,564.7,568.0,553.55,555.0,2440767,1368524001.35,ROSN,MOEX,555.0,0,0
2023-12-12,554.55,557.4,545.05,549.55,2542798,1400645152.8,ROSN,MOEX,549.55,0,0
2023-12-13,546.0,556.55,544.3,555.85,1743135,960317798.95,ROSN,MOEX,555.85,0,0
2023-12-14,557.4,558.6,535.65,535.7,3418325,1861883585.0,ROSN,MOEX,535.7,0,0
2023-12-15,535.5,563.0,535.5,561.5,3949304,2168869350.05,ROSN,MOEX,561.5,0,0
2023-12-18,568.3,569.5,563.1,566.65,3630477,2056514963.9,ROSN,MOEX,566.65,0,0
2023-12-19,566.65,574.8,564.25,574.0,3118813,1773894557.65,ROSN,MOEX,574.0,0,0
2023-12-20,574.25,584.9,573.2,578.6,3382309,1963751151.8,ROSN,MOEX,578.6,0,0
2023-12-21,581.2,581.2,569.5,577.1,2984797,1716910896.4,ROSN,MOEX,577.1,0,0
2023-12-22,580.0,585.45,578.15,583.75,2581816,1504713108.05,ROSN,MOEX,583.75,0,0
2023-12-22,575.0,575.0,575.0,575.0,1830200,1052365000.0,ROSN,MOEX,575.0,0,0
2023-12-25,585.85,588.45,580.0,584.45,1694085,990000111.9,ROSN,MOEX,584.45,0,0
2023-12-26,585.0,592.0,583.0,589.3,2232310,1312060241.25,ROSN,MOEX,589.3,0,0
2023-12-27,590.45,596.65,589.5,594.55,2902895,1723756745.55,ROSN,MOEX,594.55,0,0
2023-12-28,596.7,596.7,589.1,591.9,1830269,1085160085.4,ROSN,MOEX,591.9,0,0
2023-12-29,591.6,595.25,586.35,593.2,1878824,1113252561.2,ROSN,MOEX,593.2,0,0
2024-01-03,595.6,604.0,594.75,604.0,1945771,1167127638.7,ROSN,MOEX,604.0,0,0
2024-01-04,605.8,605.8,600.5,601.15,1193768,719452298.05,ROSN,MOEX,601.15,0,0
2024-01-05,602.6,605.55,599.0,604.05,1964815,1183635428.75,ROSN,MOEX,604.05,0,0
2024-01-08,605.15,606.95,600.5,602.3,1806126,1088219663.8,ROSN,MOEX,602.3,0,0
2024-01-09,603.15,603.75,597.85,600.55,3249471,1950143955.4,ROSN,MOEX,600.55,0,0
2024-01-10,598.1,601.95,598.1,601.0,5087676,3055274393.8,ROSN,MOEX,601.0,0,0
2024-01-11,574.05,582.15,571.0,579.6,9771283,5626076954.6,ROSN,MOEX,579.6,0,0
2024-01-12,584.0,589.9,580.85,584.2,5405470,3165105874.4,ROSN,MOEX,584.2,0,0
2024-01-15,585.0,587.9,579.6,581.4,2573506,1500665176.05,ROSN,MOEX,581.4,0,0
2024-01-16,582.75,582.75,577.15,578.4,1580870,916314853.8,ROSN,MOEX,578.4,0,0
2024-01-17,578.05,580.75,569.8,574.75,3911748,2248020753.45,ROSN,MOEX,574.75,0,0
2024-01-18,575.8,578.15,571.85,573.95,2081619,1197678743.4,ROSN,MOEX,573.95,0,0
2024-01-19,573.95,577.6,570.6,574.95,2645181,1518246150.8,ROSN,MOEX,574.95,0,0
2024-01-22,575.2,579.7,575.2,577.95,1873302,1083054886.0,ROSN,MOEX,577.95,0,0
2024-01-23,578.95,580.5,576.5,579.9,1421415,822758919.4,ROSN,MOEX,579.9,0,0
2024-01-24,580.35,582.15,572.1,575.75,1844368,1063525819.4,ROSN,MOEX,575.75,0,0
2024-01-25,573.85,576.0,572.6,574.65,1874962,1077062177.85,ROSN,MOEX,574.65,0,0
2024-01-26,577.0,577.65,572.35,573.9,1547572,889175521.6,ROSN,MOEX,573.9,0,0
2024-01-29,574.5,580.45,573.0,575.75,3555435,2049426934.45,ROSN,MOEX,575.75,0,0
2024-01-30,576.35,578.45,572.6,573.95,2241184,1288422874.9,ROSN,MOEX,573.95,0,0
2024-01-31,574.3,576.5,572.0,575.0,3281866,1885995504.65,ROSN,MOEX,575.0,0,0
2024-02-01,575.5,582.0,574.0,576.5,4626022,2676166143.05,ROSN,MOEX,576.5,0,0
2024-02-02,577.0,584.95,574.5,583.95,5216251,3034781715.5,ROSN,MOEX,583.95,0,0
2024-02-05,584.05,592.95,584.05,592.0,5224734,3083612050.5,ROSN,MOEX,592.0,0,0
2024-02-06,593.0,593.75,590.5,593.55,2085502,1234586591.45,ROSN,MOEX,593.55,0,0
2024-02-07,593.7,595.7,588.8,589.7,4035754,2391520400.4,ROSN,MOEX,589.7,0,0
2024-02-08,586.05,591.4,580.0,587.75,3316157,1947897100.75,ROSN,MOEX,587.75,0,0
2024-02-09,587.8,592.9,586.6,589.75,2553528,1507251659.35,ROSN,MOEX,589.75,0,0
2024-02-12,590.1,592.35,585.0,588.95,2669101,1568449832.8,ROSN,MOEX,588.95,0,0
2024-02-13,590.0,593.45,589.55,592.75,2388838,1413630081.25,ROSN,MOEX,592.75,0,0
2024-02-14,593.75,594.65,589.65,590.05,1938191,1148842973.0,ROSN,MOEX,590.05,0,0
2024-02-15,590.0,591.6,587.55,589.15,2645626,1559371855.25,ROSN,MOEX,589.15,0,0
2024-02-16,590.05,591.0,582.4,585.5,4191003,2460484654.2,ROSN,MOEX,585.5,0,0
2024-02-19,585.6,589.5,581.55,586.25,2552097,1497579585.65,ROSN,MOEX,586.25,0,0
2024-02-20,586.0,586.05,570.2,572.1,5164767,2988914200.55,ROSN,MOEX,572.1,0,0
2024-02-21,572.1,576.75,560.25,562.35,6696796,3797479702.0,ROSN,MOEX,562.35,0,0
2024-02-22,564.45,565.75,558.5,562.35,2744549,1542888335.55,ROSN,MOEX,562.35,0,0
2024-02-26,566.65,577.3,566.65,575.55,3634380,2079227485.55,ROSN,MOEX,575.55,0,0
2024-02-27,575.5,575.55,566.05,568.2,3492074,1987358149.1,ROSN,MOEX,568.2,0,0
2024-02-28,566.95,570.35,565.25,568.5,2564104,1455726335.7,ROSN,MOEX,568.5,0,0
2024-02-29,568.5,580.5,567.0,578.0,3611798,2080135673.8,ROSN,MOEX,578.0,0,0
2024-03-01,578.05,581.6,573.25,577.45,2355941,1361486028.8,ROSN,MOEX,577.45,0,0
2024-03-04,578.9,583.6,578.55,582.5,2064777,1200549145.85,ROSN,MOEX,582.5,0,0
2024-03-05,582.6,588.8,579.5,585.55,2703486,1579700634.4,ROSN,MOEX,585.55,0,0
2024-03-06,585.7,589.95,584.5,585.15,1875663,1101486783.35,ROSN,MOEX,585.15,0,0
2024-03-07,585.0,589.8,583.1,589.45,1431702,840492220.4,ROSN,MOEX,589.45,0,0
2024-03-11,589.6,592.5,587.05,588.35,1925221,1135832121.75,ROSN,MOEX,588.35,0,0
2024-03-12,588.6,589.0,585.05,588.25,1811625,1063944304.1,ROSN,MOEX,588.25,0,0
2024-03-13,586.1,588.35,580.7,581.45,2723687,1592624136.65,ROSN,MOEX,581.45,0,0
2024-03-14,581.0,586.0,577.8,584.0,2576036,1500988497.55,ROSN,MOEX,584.0,0,0
2024-03-15,583.0,587.15,579.6,584.2,1768650,1031731887.15,ROSN,MOEX,584.2,0,0
2024-03-18,584.0,586.45,581.55,583.1,1290890,752865444.15,ROSN,MOEX,583.1,0,0
2024-03-19,582.85,583.7,556.3,565.35,15172575,8590867748.85,ROSN,MOEX,565.35,0,0
2024-03-20,565.35,566.55,551.2,560.3,15832545,8850534898.25,ROSN,MOEX,560.3,0,0
2024-03-21,561.3,575.0,557.25,562.8,13589092,7674606429.8,ROSN,MOEX,562.8,0,0
2024-03-22,562.85,563.95,551.0,554.2,10052432,5601839040.9,ROSN,MOEX,554.2,0,0
2024-03-22,557.03,557.03,557.03,557.03,3478600,1937684558.0,ROSN,MOEX,557.03,0,0
2024-03-25,556.7,559.85,548.5,558.05,8585063,4745452655.9,ROSN,MOEX,558.05,0,0
2024-03-26,559.0,559.0,554.15,556.1,4720207,2624107095.65,ROSN,MOEX,556.1,0,0
2024-03-27,556.1,557.5,551.25,555.4,3623708,2007950854.95,ROSN,MOEX,555.4,0,0
2024-03-28,557.0,565.8,555.75,565.75,8154564,4580908664.85,ROSN,MOEX,565.75,0,0
2024-03-29,567.6,569.4,563.5,565.75,5575648,3155868895.4,ROSN,MOEX,565.75,0,0
2024-04-01,568.0,573.55,566.8,568.85,8194319,4675167978.4,ROSN,MOEX,568.85,0,0
2024-04-02,570.0,574.5,567.5,572.9,4834554,2758385527.6,ROSN,MOEX,572.9,0,0
2024-04-03,573.1,579.0,572.0,576.9,4829568,2783523091.55,ROSN,MOEX,576.9,0,0
2024-04-04,577.75,580.0,575.65,578.05,3924251,2269373130.15,ROSN,MOEX,578.05,0,0
2024-04-05,578.85,579.65,574.0,576.1,3300134,1904563196.05,ROSN,MOEX,576.1,0,0
2024-04-08,576.3,579.75,571.55,574.5,3298221,1899524002.8,ROSN,MOEX,574.5,0,0
2024-04-09,574.5,576.2,565.75,568.4,4663495,2662585757.55,ROSN,MOEX,568.4,0,0
2023-11-20,1542.0,1548.0,1528.6,1545.6,468848,721033059.6,NVTK,MOEX,1545.6,0,0
2023-11-21,1545.6,1546.0,1530.0,1539.0,410802,631388014.8,NVTK,MOEX,1539.0,0,0
2023-11-22,1539.8,1546.6,1515.8,1525.8,790317,1208289794.0,NVTK,MOEX,1525.8,0,0
2023-11-23,1525.0,1525.0,1510.8,1511.2,463425,702788127.6,NVTK,MOEX,1511.2,0,0
2023-11-24,1511.2,1531.8,1501.0,1514.0,661724,1004199489.2,NVTK,MOEX,1514.0,0,0
2023-11-27,1514.2,1522.0,1503.0,1510.4,472771,715888761.4,NVTK,MOEX,1510.4,0,0
2023-11-28,1510.6,1518.0,1482.0,1509.2,596731,899075285.6,NVTK,MOEX,1509.2,0,0
2023-11-29,1510.0,1512.0,1490.0,1493.6,391250,587913445.6,NVTK,MOEX,1493.6,0,0
2023-11-30,1495.0,1523.0,1482.2,1510.0,531785,798627248.0,NVTK,MOEX,1510.0,0,0
2023-12-01,1511.0,1521.0,1493.6,1500.0,500255,753743019.2,NVTK,MOEX,1500.0,0,0
2023-12-04,1497.0,1518.0,1490.0,1505.4,501324,754350697.6,NVTK,MOEX,1505.4,0,0
2023-12-05,1508.4,1549.0,1508.4,1542.4,990731,1516391915.4,NVTK,MOEX,1542.4,0,0
2023-12-06,1547.8,1549.8,1495.0,1505.8,964477,1475111264.4,NVTK,MOEX,1505.8,0,0
2023-12-07,1508.8,1527.6,1505.8,1515.2,594392,901720531.0,NVTK,MOEX,1515.2,0,0
2023-12-08,1514.0,1542.0,1514.0,1531.4,380355,581293172.4,NVTK,MOEX,1531.4,0,0
2023-12-11,1536.0,1542.0,1475.2,1491.0,728038,1095864790.2,NVTK,MOEX,1491.0,0,0
2023-12-12,1488.0,1516.0,1470.0,1496.4,572832,857909395.2,NVTK,MOEX,1496.4,0,0
2023-12-13,1493.0,1510.6,1484.2,1507.6,335729,503893539.6,NVTK,MOEX,1507.6,0,0
2023-12-14,1510.0,1514.4,1455.0,1460.2,590831,879175079.2,NVTK,MOEX,1460.2,0,0
2023-12-15,1460.0,1498.2,1456.0,1494.6,750359,1109084602.8,NVTK,MOEX,1494.6,0,0
2023-12-18,1506.0,1509.2,1494.0,1501.0,808735,1214213543.2,NVTK,MOEX,1501.0,0,0
2023-12-19,1501.0,1539.0,1498.2,1531.4,993011,1513526228.2,NVTK,MOEX,1531.4,0,0
2023-12-20,1536.8,1544.8,1515.6,1531.2,778059,1191162282.0,NVTK,MOEX,1531.2,0,0
2023-12-21,1531.2,1532.8,1452.4,1478.2,3143407,4657418862.0,NVTK,MOEX,1478.2,0,0
2023-12-22,1484.8,1508.0,1471.2,1489.6,1200881,1792201042.8,NVTK,MOEX,1489.6,0,0
2023-12-22,1478.94,1478.94,1478.94,1478.94,56400,83412216.0,NVTK,MOEX,1478.94,0,0
2023-12-25,1470.0,1489.8,1455.2,1478.0,871849,1289909636.4,NVTK,MOEX,1478.0,0,0
2023-12-26,1480.0,1496.0,1475.0,1476.2,693636,1028045128.6,NVTK,MOEX,1476.2,0,0
2023-12-27,1476.4,1480.0,1450.0,1450.6,1010547,1479800838.8,NVTK,MOEX,1450.6,0,0
2023-12-28,1450.2,1464.0,1440.4,1448.0,895672,1302165088.8,NVTK,MOEX,1448.0,0,0
2023-12-29,1446.0,1475.0,1445.4,1463.2,532678,780416116.8,NVTK,MOEX,1463.2,0,0
2024-01-03,1466.2,1485.2,1465.0,1484.8,167611,248021294.2,NVTK,MOEX,1484.8,0,0
2024-01-04,1490.0,1497.2,1474.0,1479.6,263650,392117429.6,NVTK,MOEX,1479.6,0,0
2024-01-05,1482.0,1489.2,1476.8,1480.4,223484,330951479.2,NVTK,MOEX,1480.4,0,0
2024-01-08,1480.4,1493.6,1480.4,1487.2,448077,665801553.6,NVTK,MOEX,1487.2,0,0
2024-01-09,1491.0,1498.0,1474.2,1489.0,797657,1185211438.0,NVTK,MOEX,1489.0,0,0
2024-01-10,1489.0,1522.6,1489.0,1513.0,1348467,2034496529.2,NVTK,MOEX,1513.0,0,0
2024-01-11,1516.0,1520.0,1493.6,1505.4,1148631,1725891260.6,NVTK,MOEX,1505.4,0,0
2024-01-12,1508.0,1509.2,1497.6,1500.2,455487,683852732.6,NVTK,MOEX,1500.2,0,0
2024-01-15,1504.0,1515.0,1482.8,1492.2,828409,1240170489.6,NVTK,MOEX,1492.2,0,0
2024-01-16,1498.0,1498.0,1467.0,1474.8,908447,1345455022.4,NVTK,MOEX,1474.8,0,0
2024-01-17,1474.8,1484.8,1460.0,1475.2,895941,1318924221.2,NVTK,MOEX,1475.2,0,0
2024-01-18,1476.4,1485.0,1461.2,1466.0,923103,1355952134.8,NVTK,MOEX,1466.0,0,0
2024-01-19,1465.0,1468.0,1451.0,1457.0,693205,1009943035.6,NVTK,MOEX,1457.0,0,0
2024-01-22,1425.0,1456.0,1421.0,1444.6,2358435,3401353947.0,NVTK,MOEX,1444.6,0,0
2024-01-23,1444.6,1448.6,1430.0,1431.0,764178,1098081255.8,NVTK,MOEX,1431.0,0,0
2024-01-24,1434.2,1450.0,1433.4,1447.6,1246097,1798885511.2,NVTK,MOEX,1447.6,0,0
2024-01-25,1450.0,1459.8,1431.0,1435.8,797474,1147744166.0,NVTK,MOEX,1435.8,0,0
2024-01-26,1443.0,1443.8,1420.6,1423.6,913772,1307724723.0,NVTK,MOEX,1423.6,0,0
2024-01-29,1424.0,1436.8,1418.0,1435.8,765952,1093904988.2,NVTK,MOEX,1435.8,0,0
2024-01-30,1437.4,1443.2,1425.2,1434.2,935270,1342216050.6,NVTK,MOEX,1434.2,0,0
2024-01-31,1435.0,1449.0,1430.6,1439.0,687506,988763116.6,NVTK,MOEX,1439.0,0,0
2024-02-01,1443.0,1460.0,1439.0,1445.6,1002141,1453577006.4,NVTK,MOEX,1445.6,0,0
2024-02-02,1450.0,1456.6,1442.0,1443.4,581784,843093905.6,NVTK,MOEX,1443.4,0,0
2024-02-05,1446.2,1498.0,1443.6,1494.0,2690777,3952808658.8,NVTK,MOEX,1494.0,0,0
2024-02-06,1496.6,1499.8,1471.2,1477.4,2137050,3168509304.2,NVTK,MOEX,1477.4,0,0
2024-02-07,1483.0,1484.2,1462.0,1469.8,1097996,1615501634.0,NVTK,MOEX,1469.8,0,0
2024-02-08,1462.0,1467.6,1435.0,1438.4,1138724,1656777451.2,NVTK,MOEX,1438.4,0,0
2024-02-09,1441.4,1466.4,1420.2,1425.0,2149041,3098899635.0,NVTK,MOEX,1425.0,0,0
2024-02-12,1426.2,1431.0,1400.0,1408.8,1694398,2391019111.2,NVTK,MOEX,1408.8,0,0
2024-02-13,1411.6,1424.0,1405.4,1422.0,1116534,1579930121.0,NVTK,MOEX,1422.0,0,0
2024-02-14,1424.4,1431.8,1409.6,1411.8,789602,1122054993.8,NVTK,MOEX,1411.8,0,0
2024-02-15,1414.6,1415.8,1388.0,1409.0,1406729,1971233587.6,NVTK,MOEX,1409.0,0,0
2024-02-16,1409.0,1420.0,1403.0,1409.6,856750,1209844134.8,NVTK,MOEX,1409.6,0,0
2024-02-19,1410.6,1416.0,1385.0,1388.2,1096027,1531534717.8,NVTK,MOEX,1388.2,0,0
2024-02-20,1388.2,1401.0,1374.2,1379.2,1158999,1608335778.2,NVTK,MOEX,1379.2,0,0
2024-02-21,1380.0,1390.0,1338.8,1358.8,1383335,1893785159.2,NVTK,MOEX,1358.8,0,0
2024-02-22,1358.8,1362.0,1325.4,1337.4,2837036,3802120798.4,NVTK,MOEX,1337.4,0,0
2024-02-26,1338.0,1353.4,1330.4,1351.6,1166177,1567219767.6,NVTK,MOEX,1351.6,0,0
2024-02-27,1352.2,1377.0,1348.0,1375.2,1223596,1663371448.6,NVTK,MOEX,1375.2,0,0
2024-02-28,1373.0,1373.0,1343.4,1346.4,1099365,1489695855.8,NVTK,MOEX,1346.4,0,0
2024-02-29,1360.0,1360.0,1338.4,1349.6,992995,1335603796.0,NVTK,MOEX,1349.6,0,0
2024-03-01,1349.8,1355.0,1345.0,1348.0,690501,932636272.0,NVTK,MOEX,1348.0,0,0
2024-03-04,1355.0,1357.0,1328.0,1337.8,2326473,3110440797.6,NVTK,MOEX,1337.8,0,0
2024-03-05,1339.0,1347.8,1326.0,1343.2,1129589,1511667092.8,NVTK,MOEX,1343.2,0,0
2024-03-06,1346.0,1389.8,1340.2,1385.0,2770296,3806114048.4,NVTK,MOEX,1385.0,0,0
2024-03-07,1387.6,1395.0,1374.0,1389.6,1406449,1945205002.4,NVTK,MOEX,1389.6,0,0
2024-03-11,1394.0,1399.0,1385.6,1396.0,1209117,1684760065.8,NVTK,MOEX,1396.0,0,0
2024-03-12,1397.8,1423.8,1389.4,1417.8,1962514,2768593905.4,NVTK,MOEX,1417.8,0,0
2024-03-13,1419.2,1426.8,1401.0,1406.6,1291830,1826138475.6,NVTK,MOEX,1406.6,0,0
2024-03-14,1406.8,1408.6,1377.0,1399.8,1161414,1621094208.8,NVTK,MOEX,1399.8,0,0
2024-03-15,1401.4,1408.4,1395.8,1400.0,550298,771872640.2,NVTK,MOEX,1400.0,0,0
2024-03-18,1400.0,1415.0,1397.8,1404.6,714610,1003444659.4,NVTK,MOEX,1404.6,0,0
2024-03-19,1404.6,1408.0,1362.2,1370.8,1963934,2725881970.0,NVTK,MOEX,1370.8,0,0
2024-03-20,1382.2,1386.6,1350.0,1369.6,2267570,3098613013.8,NVTK,MOEX,1369.6,0,0
2024-03-21,1375.8,1385.0,1354.6,1360.8,2266621,3106614140.0,NVTK,MOEX,1360.8,0,0
2024-03-22,1361.0,1368.0,1335.2,1346.0,1832544,2480788385.4,NVTK,MOEX,1346.0,0,0
2024-03-22,1363.11,1363.11,1363.11,1363.11,1643000,2239589730.0,NVTK,MOEX,1363.11,0,0
2024-03-25,1356.0,1367.0,1342.2,1365.4,2469886,3349489470.0,NVTK,MOEX,1365.4,0,0
2024-03-26,1322.8,1333.8,1311.0,1316.8,2723672,3600281942.4,NVTK,MOEX,1316.8,0,0
2024-03-27,1317.0,1319.8,1303.4,1304.6,1502998,1968368639.4,NVTK,MOEX,1304.6,0,0
2024-03-28,1305.0,1322.0,1303.4,1318.4,1385803,1821503723.4,NVTK,MOEX,1318.4,0,0
2024-03-29,1322.2,1329.0,1312.0,1312.6,994706,1313831015.4,NVTK,MOEX,1312.6,0,0
2024-04-01,1315.2,1320.0,1310.0,1316.6,1200790,1578718653.8,NVTK,MOEX,1316.6,0,0
2024-04-02,1313.6,1314.6,1272.6,1283.2,3327392,4291748760.2,NVTK,MOEX,1283.2,0,0
2024-04-03,1283.2,1290.2,1264.2,1287.0,2859194,3651955242.0,NVTK,MOEX,1287.0,0,0
2024-04-04,1290.6,1321.0,1289.6,1297.4,4453362,5826877590.6,NVTK,MOEX,1297.4,0,0
2024-04-05,1298.4,1306.8,1277.0,1283.8,1903398,2451988547.2,NVTK,MOEX,1283.8,0,0
2024-04-08,1286.4,1303.2,1278.8,1283.6,1376261,1775541669.4,NVTK,MOEX,1283.6,0,0
2024-04-09,1284.0,1287.8,1270.0,1274.0,1212137,1548986031.4,NVTK,MOEX,1274.0,0,0
